"Metric 4","Incidents","%Incidents","RI","recordable (CUSTOM)","MSD RI","%MSD RI","DART","dart (CUSTOM)","LTI","%LTI"
"Human - Behaviour",100309,0.5637934329297767,16563,0.5798151648813274,11119,0.6115388846111539,15379,0.5836211149481993,3291,0.5727462582666203
"Organizational - Process",22064,0.1240121853887746,4090,0.14317720366869705,2733,0.15031349686503134,3784,0.14359986338279382,760,0.13226592412112775
"Human - Leadership",18568,0.1043626839330478,3448,0.12070293355737591,2404,0.13221867781322186,3213,0.12193085651398429,780,0.13574660633484162
,17176,0.096538854978136,1360,0.04760904571868655,813,0.04471455285447146,1210,0.045918560965428255,246,0.04281239122868082
"Organizational - Workplace",10843,0.060943805573354014,1758,0.061541692921655115,535,0.02942470575294247,1544,0.058593601760843994,385,0.06700313261399234
"Technical - Equipment",7298,0.04101889634550748,1125,0.03938248267170762,501,0.02755472445275547,1026,0.038935903760768095,223,0.03880960668290985
"Technical - Material",1660,0.009330140851403455,222,0.007771476580550304,77,0.004234957650423496,195,0.00740009866798224,61,0.010616080751827359
