"Metric 4","Incidents","%Incidents","RI","recordable (CUSTOM)","MSD RI","%MSD RI","DART","dart (CUSTOM)","LTI","%LTI"
"Human - Behaviour",12,0.6666666666666666,12,0.6666666666666666,9,0.75,11,0.6875,0,
"Organizational - Process",3,0.16666666666666666,3,0.16666666666666666,2,0.16666666666666666,3,0.1875,0,
"Human - Leadership",2,0.1111111111111111,2,0.1111111111111111,1,0.08333333333333333,2,0.125,0,
"Organizational - Workplace",1,0.05555555555555555,1,0.05555555555555555,0,0,0,0,0,
